ITEMNUM,COMPNUM,EACHCODE,SLEEVECODE,CASECODE,ITEMDESC,PACKTYPE,EACHCT,SLEEVECT,CASECT,UPCEACH,UPCSLEEVE,UPCCASE,,
#01784,#01784,#01784,#01784,#01784,Advil PM Dispenser 30 x 2's [20/cs.],Dispenser,60,20,1200,65570801784,3065570801784,5065570801784,,
#0100,#0100,#0100,#0100,#0100,Store Conversion Kit 138 Units SOLD AS CASE,null,null,null,138,6557080100,306557080100,506557080100,,
#0110,#0110,#0110,#0110,#0110,"Display Rack - 4 SKU Cold & Upset Stomach (12 Dayquil, 24 Nyquil, 12 Pepto)",DisplayRack,48,null,null,6557080110,306557080110,506557080110,,
#0111,#0111,#0111,#0111,#0111,"Display Rack - 4 SKU Cold (24 Dayquil, 12 Nyquil, 12 Pepto)",DisplayRack,48,null,null,6557080111,306557080111,506557080111,,
#01021,#01021,#01021,#01021,#01021,Copper Scouring Pads 36 Count [12/cs.],Dispenser,36,12,432,65570801021,3065570801021,5065570801021,,
#01027,#01027,#01027,#01027,#01027,Super Glue 1 ct Blistered [288/cs.],Blister,12,24,288,65570801027,3065570801027,5065570801027,,
#01030,#01030,#01030,#01030,#01030,Display Rack - 20 SKU Mix Pack Year Round Display BUY 2 [120/ cs.],DisplayRack,,,,65570801030,3065570801030,5065570801030,,
#01031,#01031,#01031,#01031,#01031,Display Rack - 9 SKU Aches & Pains Display [108/ cs.],DisplayRack,,,,65570801031,3065570801031,5065570801031,,
#01032,#01032,#01032,#01032,#01032,Display Rack - 9 SKU Single Pack Allergy Year Round Display [108/ cs.],DisplayRack,,,,65570801032,3065570801032,5065570801032,,
#01033,#01033,#01033,#01033,#01033,Display Rack - 9 SKU Cold & Sinus Display BUY 2 [54/ cs.],DisplayRack,,,,65570801033,3065570801033,5065570801033,,
#01035,#01035,#01035,#01035,#01035,Display Rack - 12 SKU Annual Mix Display [144/ cs.],DisplayRack,,,,65570801035,3065570801035,5065570801035,,
#01036,#01036,#01036,#01036,#01036,Select Pocket Tissue 6 Pack Bundle [30/cs.],Bundle,6,30,180,65570801036,3065570801036,5065570801036,,
#01038,#01038,#01038,#01038,#01038,Display Rack - 20 SKU Single Pack Year Round Display BUY 2 [120/ cs.],DisplayRack,,,,65570801038,3065570801038,5065570801038,,
#01040,#01040,#01040,#01040,#01040,"Mini Zip Bags 3/4"" x 3/4"" Carded [50/cs]",Carded,,,,65570801040,3065570801040,5065570801040,,
#01041,#01041,#01041,#01041,#01041,"Mini Zip Bags 1 1/2"" x 1 1/2"" Carded [50/cs.]",Carded,,,,65570801041,3065570801041,5065570801041,,
#01043,#01043,#01043,#01043,#01043,"Mini Zip Bags 1 1/4"" x 1 1/4"" Carded [50/cs.]",Carded,,,,65570801043,3065570801043,5065570801043,,
#01044,#01044,#01044,#01044,#01044,Single Edge Blade Carded (5/ Bag) 24 Bags/ Card [48/cs.],Carded,24,48,1152,65570801044,3065570801044,5065570801044,,
#01045,#01045,#01045,#01045,#01045,Single Edge Blade Carded 5ct. Blister Card [144/cs.],Blister,12,12,144,65570801045,3065570801045,5065570801045,,
#01047,#01047,#01047,#01047,#01047,Padlock 60 mm Blister [72/cs.],Blister,6,12,72,65570801047,3065570801047,5065570801047,,
#01048,#01048,#01048,#01048,#01048,Padlock 40 mm Blister [144/cs.],Blister,12,12,144,65570801048,3065570801048,5065570801048,,
#01049,#01049,#01049,#01049,#01049,Padlock 20 mm x 2 Blister [144/cs.],Blister,12,12,144,65570801049,3065570801049,5065570801049,,
#01050,#01050,#01050,#01050,#01050,Push Pins [144/cs.],Blister,12,12,144,65570801050,3065570801050,5065570801050,,
#01051,#01051,#01051,#01051,#01051,Map Pins [144/cs.],Blister,12,12,144,65570801051,3065570801051,5065570801051,,
#01052,#01052,#01052,#01052,#01052,Paper Clips [144/cs.],Blister,12,12,144,65570801052,3065570801052,5065570801052,,
#01053,#01053,#01053,#01053,#01053,Needle & Thread Sets Blister [144/cs.],Blister,12,12,144,65570801053,3065570801053,5065570801053,,
#01054,#01054,#01054,#01054,#01054,Safety Pins 36's Blister [144/cs.],Blister,12,12,144,65570801054,3065570801054,5065570801054,,
#01055,#01055,#01055,#01055,#01055,Nail Clippers Small Blister [144/cs.],Blister,12,12,144,65570801055,3065570801055,5065570801055,,
#01056,#01056,#01056,#01056,#01056,Nail Clippers Small PVC Box 72 pcs [12/cs.],Jar,6,12,72,65570801056,3065570801056,5065570801056,,
#01057,#01057,#01057,#01057,#01057,Nail Clippers Toe Blister [144/cs.],Blister,12,12,144,65570801057,3065570801057,5065570801057,,
#01058,#01058,#01058,#01058,#01058,Swiss Knife Blister [72/cs.],Blister,6,12,72,65570801058,3065570801058,5065570801058,,
#01059,#01059,#01059,#01059,#01059,Swiss Knife in Color Box [72/cs.],Box,6,12,72,65570801059,3065570801059,5065570801059,,
#01060,#01060,#01060,#01060,#01060,Scissors Blister [144/cs.],Blister,12,12,144,65570801060,3065570801060,5065570801060,,
#01061,#01061,#01061,#01061,#01061,Bottle Opener Large Blister [144/cs.],Blister,12,12,144,65570801061,3065570801061,5065570801061,,
#01062,#01062,#01062,#01062,#01062,Bottle Opener Travel Size Blister [288/cs.],Blister,12,24,288,65570801062,3065570801062,5065570801062,,
#01068,#01068,#01068,#01068,#01068,4 Color Retractable Pen [144/cs.],Blister,12,12,144,65570801068,3065570801068,5065570801068,,
#01069,#01069,#01069,#01069,#01069,Permanent Marker [144/cs.],Blister,12,12,144,65570801069,3065570801069,5065570801069,,
#01070,#01070,#01070,#01070,#01070,Retractable Pen [144/cs.],Blister,12,12,144,65570801070,3065570801070,5065570801070,,
#01071,#01071,#01071,#01071,#01071,Mechanical Pencil [ 144/cs.],Blister,12,12,144,65570801071,3065570801071,5065570801071,,
#01072,#01072,#01072,#01072,#01072,Oil Marker Permanent [144/cs.],Blister,12,12,144,65570801072,3065570801072,5065570801072,,
#01073,#01073,#01073,#01073,#01073,Retractable Pen 3pcs/card [144/cs.],Blister,12,12,144,65570801073,3065570801073,5065570801073,,
#01076,#01076,#01076,#01076,#01076,Emery Board [144/cs.],Blister,12,12,144,65570801076,3065570801076,5065570801076,,
#01077,#01077,#01077,#01077,#01077,Rubber Ponytail Holder 250 pcs/ Card [144/cs.],Blister,12,12,144,65570801077,3065570801077,5065570801077,,
#01078,#01078,#01078,#01078,#01078,Tweezers 1pc/ Card [144/cs],Blister,12,12,144,65570801078,3065570801078,5065570801078,,
#01079,#01079,#01079,#01079,#01079,Mini Blade Fuses [144/cs.] - 1401079077,Blister,12,12,144,65570801079,3065570801079,5065570801079,,
#01080,#01080,#01080,#01080,#01080,Japanese Glass Fuse 5pcs/ Card [144/cs.],Blister,12,12,144,65570801080,3065570801080,5065570801080,,
#01081,#01081,#01081,#01081,#01081,American Blade Fuse 5 pcs/ Card [144/cs.],Blister,12,12,144,65570801081,3065570801081,5065570801081,,
#01082,#01082,#01082,#01082,#01082,European Glass Fuse 5pcs/ Card [144/cs.],Blister,12,12,144,65570801082,3065570801082,5065570801082,,
#01083,#01083,#01083,#01083,#01083,1157 - Auto Bulbs 2pcs/ Card [144/cs.],Blister,12,12,144,65570801083,3065570801083,5065570801083,,
#01084,#01084,#01084,#01084,#01084,1156 - Auto Bulbs 2pcs/ Card [144/cs.],Blister,12,12,144,65570801084,3065570801084,5065570801084,,
#01085,#01085,#01085,#01085,#01085,194 - Auto Bulbs 2pcs/ Card [144/cs.],Blister,12,12,144,65570801085,3065570801085,5065570801085,,
#01086,#01086,#01086,#01086,#01086,89- Auto Bulbs 2pcs/ Card [144/cs.],Blister,12,12,144,65570801086,3065570801086,5065570801086,,
#01087,#01087,#01087,#01087,#01087,"2-1/4"" - Hose Clamps 2pcs/ Card [144/cs.]",Blister,12,12,144,65570801087,3065570801087,5065570801087,,
#01088,#01088,#01088,#01088,#01088,"1-1/4"" - Hose Clamps 2pcs/ Card [144/cs.]",Blister,12,12,144,65570801088,3065570801088,5065570801088,,
#01089,#01089,#01089,#01089,#01089,"5/8"" - Hose Clamps 2pcs/ Card [144/cs.]",Blister,12,12,144,65570801089,3065570801089,5065570801089,,
#01090,#01090,#01090,#01090,#01090,Battery Terminal Set (Side) 1pc/ Card [144/cs.],Blister,12,12,144,65570801090,3065570801090,5065570801090,,
#01091,#01091,#01091,#01091,#01091,Tire Repair Kit [144/cs.],Blister,12,12,144,65570801091,3065570801091,5065570801091,,
#01092,#01092,#01092,#01092,#01092,Tire Gauge 1pc/ Card [144/cs.],Blister,12,12,144,65570801092,3065570801092,5065570801092,,
#01093,#01093,#01093,#01093,#01093,"Valve Extensions 1-1/4"" 4pcs/ Card [144/cs.]",Blister,12,12,144,65570801093,3065570801093,5065570801093,,
#01094,#01094,#01094,#01094,#01094,Valve Caps 5pcs/ Card [144/cs.],Blister,12,12,144,65570801094,3065570801094,5065570801094,,
#01096,#01096,#01096,#01096,#01096,Ice Scrapper with Glove [144/cs.],HangCard,12,12,144,65570801096,3065570801096,5065570801096,,
#01097,#01097,#01097,#01097,#01097,"Ice Scraper 9"" [144/cs.]",HangCard,12,12,144,65570801097,3065570801097,5065570801097,,
#01098,#01098,#01098,#01098,#01098,"Ice Scraper 7"" [144/cs.]",HangCard,12,12,144,65570801098,3065570801098,5065570801098,,
#01102,#01102,#01102,#01102,#01102,Hose Repair Tape 1pc/ Card [144/cs.],Blister,12,12,144,65570801102,3065570801102,5065570801102,,
#01104,#01104,#01104,#01104,#01104,Flashlight [72/cs.],Blister,6,12,72,65570801104,3065570801104,5065570801104,,
#01106,#01106,#01106,#01106,#01106,Hair Pick Blistered [144/cs.],Blister,12,12,144,65570801106,3065570801106,5065570801106,,
#01107,#01107,#01107,#01107,#01107,Ball Tip Vented Brush Blister [48/cs.],Blister,6,8,48,65570801107,3065570801107,5065570801107,,
#01108,#01108,#01108,#01108,#01108,"6"" Adjustable Wrench [72/cs.]",Blister,6,8,48,65570801108,3065570801108,5065570801108,,
#01109,#01109,#01109,#01109,#01109,Elastic Ponytail  Holders 18pcs [144/cs.],Blister,12,12,144,65570801109,3065570801109,5065570801109,,
#01112,#01112,#01112,#01112,#01112,Cushion Ball Tip Brush Blister  [48/cs.],Blister,6,8,48,65570801112,3065570801112,5065570801112,,
#01113,#01113,#01113,#01113,#01113,"6"" Diagonal Pliers [48/cs.]",Blister,6,8,48,65570801113,3065570801113,5065570801113,,
#01116,#01116,#01116,#01116,#01116,Bristle Brush Blister [144/cs.],Blister,12,12,144,65570801116,3065570801116,5065570801116,,
#01117,#01117,#01117,#01117,#01117,Metal Nail File [144/cs.],Blister,12,12,144,65570801117,3065570801117,5065570801117,,
#01118,#01118,#01118,#01118,#01118,"Duct Tape 2""x10 Yards [72/cs.]",Bundle,6,12,72,65570801118,3065570801118,5065570801118,,
#01119,#01119,#01119,#01119,#01119,Waiter's Corkscrew Blistered [144/cs.],Blister,12,12,144,65570801119,3065570801119,5065570801119,,
#01120,#01120,#01120,#01120,#01120,"Electric Tape 3/4""x 66 Feet [144/cs.]",Bundle,12,12,144,65570801120,3065570801120,5065570801120,,
#01121,#01121,#01121,#01121,#01121,Pocket Comb Blister [144/cs.],Blister,12,12,144,65570801121,3065570801121,5065570801121,,
#01122,#01122,#01122,#01122,#01122,Full-Size Styling Comb Blister [288/cs.],Blister,12,24,288,65570801122,3065570801122,5065570801122,,
#01123,#01123,#01123,#01123,#01123,Battery Terminal Set (Top) 1pc/Card [144/cs.],Blister,12,12,144,65570801123,3065570801123,5065570801123,,
#01124,#01124,#01124,#01124,#01124,Dress Laces (2pk. Black & White) [288/cs.],Blister,12,24,288,65570801124,3065570801124,5065570801124,,
#01126,#01126,#01126,#01126,#01126,Bobby Pins 60pcs/ Card [144/cs.],Blister,12,12,144,65570801126,3065570801126,5065570801126,,
#01128,#01128,#01128,#01128,#01128,"6"" Long Nose Pliers [48/cs.]",Blister,6,8,48,65570801128,3065570801128,5065570801128,,
#01129,#01129,#01129,#01129,#01129,"8"" Combination Pliers [48/cs.]",Blister,6,8,48,65570801129,3065570801129,5065570801129,,
#01130,#01130,#01130,#01130,#01130,Player Select Playing Cards Dozen Gravity Display [144/cs.] - 1301130007,GravityDisplay,12,12,144,65570801130,3065570801130,5065570801130,,
#01132,#01132,#01132,#01132,#01132,Player Select 2 Decks w/ Dice [48/cs.],null,6,8,48,65570801132,3065570801132,5065570801132,,
#01134,#01134,#01134,#01134,#01134,Player Select 2 Decks w/ Dominoes [48/cs.],null,6,8,48,65570801134,3065570801134,5065570801134,,
#01136,#01136,#01136,#01136,#01136,Birthday Candles [144/cs.],Blister,12,12,144,65570801136,3065570801136,5065570801136,,
#01137,#01137,#01137,#01137,#01137,Screw Driver - Flat Head [144/cs.],null,12,12,144,65570801137,3065570801137,5065570801137,,
#01138,#01138,#01138,#01138,#01138,Bandana on hang-card 12/ bundle [12/cs.],HangCard,12,12,144,65570801138,3065570801138,5065570801138,,
#01139,#01139,#01139,#01139,#01139,Jumper Cables 10' (sleeve packed) [20/cs.] - 1401139066,SleevePacked,1,20,20,65570801139,3065570801139,5065570801139,,
#01141,#01141,#01141,#01141,#01141,Screw Driver - Phillips Head [144/cs.],null,12,12,144,65570801141,3065570801141,5065570801141,,
#01142,#01142,#01142,#01142,#01142,Telescopic Squeegee [96/cs.],null,1,1,96,65570801142,3065570801142,5065570801142,,
#01147,#01147,#01147,#01147,#01147,Select White PVC Dotted Gloves 12/ Bundle [25/cs.],Bundle,12,25,300,65570801147,3065570801147,5065570801147,,
#01158,#01158,#01158,#01158,#01158,Player Select Spanish Baraja Cards [144/cs.] - 1301158009,GravityDisplay,12,12,144,65570801158,3065570801158,5065570801158,,
#01160,#01160,#01160,#01160,#01160,Baby Select Diapers (S) 15/ct [16/cs.],Bundle,15,16,240,65570801160,3065570801160,5065570801160,,
#01161,#01161,#01161,#01161,#01161,Baby Select Diapers (M) 12/ct [16/cs.],Bundle,12,16,192,65570801161,3065570801161,5065570801161,,
#01162,#01162,#01162,#01162,#01162,Baby Select Diapers (L) 10/ct [16/cs.],Bundle,10,16,160,65570801162,3065570801162,5065570801162,,
#01163,#01163,#01163,#01163,#01163,Baby Select Diapers (XL) 8/ct [16/cs.],Bundle,8,16,128,65570801163,3065570801163,5065570801163,,
#01164,#01164,#01164,#01164,#01164,Large Dice (Green/ Black/ Red) Carded 48/ card [48/cs.],Carded,6,8,48,65570801164,3065570801164,5065570801164,,
#01165,#01165,#01165,#01165,#01165,Small Dice (2 pcs/ Bag) Carded 24/ card [48/cs.],Carded,6,8,48,65570801165,3065570801165,5065570801165,,
#01171,#01171,#01171,#01171,#01171,Plastic Pipe Key  Chain 12/ Display [60/cs.],GravityDisplay,null,null,null,65570801171,3065570801171,5065570801171,,
#01172,#01172,#01172,#01172,#01172,Deluxe Pipe Singles [480/cs.],null,null,null,null,65570801172,3065570801172,5065570801172,,
#01173,#01173,#01173,#01173,#01173,Multi Color Metal Pipe Keychain 12/ Display [60/cs.],GravityDisplay,null,null,null,65570801173,3065570801173,5065570801173,,
#01181,#01181,#01181,#01181,#01181,Nail Clippers Toe PVC Box 36 pcs [12/cs.],Jar,36,12,432,65570801181,3065570801181,5065570801181,,
#01182,#01182,#01182,#01182,#01182,Premium Nail Clipper Blistered [144/cs.],Blister,12,12,144,65570801182,3065570801182,5065570801182,,
#01183,#01183,#01183,#01183,#01183,"Hose Clamp Set (2-1/4""; 1-1/4""; 5/8"") 3 Pack [144/cs.]",Blister,12,12,144,65570801183,3065570801183,5065570801183,,
#01184,#01184,#01184,#01184,#01184,Standard Corkscrew Blistered [72/cs.],Blister,6,12,72,65570801184,3065570801184,5065570801184,,
#01185,#01185,#01185,#01185,#01185,Premium Corkscrew Blistered [72/cs.],Blister,6,12,72,65570801185,3065570801185,5065570801185,,
#01186,#01186,#01186,#01186,#01186,American Blade Fuses Carded 48/card [48/cs.],Carded,6,8,48,65570801186,3065570801186,5065570801186,,
#01187,#01187,#01187,#01187,#01187,Mini Blade Fuses Carded 48/card [48/cs.],Carded,6,8,48,65570801187,3065570801187,5065570801187,,
#01188,#01188,#01188,#01188,#01188,Glass Fuses Carded 48/Card [48/cs.],Carded,6,8,48,65570801188,3065570801188,5065570801188,,
#01189,#01189,#01189,#01189,#01189,Travel Corkscrew Blistered [144/cs.],Blister,12,12,144,65570801189,3065570801189,5065570801189,,
#01191,#01191,#01191,#01191,#01191,Travel Corkscrew & Bottle Opener PVC Box 24pcs [12/cs.],Jar,24,12,288,65570801191,3065570801191,5065570801191,,
#01192,#01192,#01192,#01192,#01192,"Squeegee (8"" x 18"") w/ Wood Handle [36/cs.]",null,1,null,36,65570801192,3065570801192,5065570801192,,
#01193,#01193,#01193,#01193,#01193,Premium Jumper Cables 10' (PVC Bagged) [20/cs.] - 1401193066,Bagged,1,null,20,65570801193,3065570801193,5065570801193,,
#01194,#01194,#01194,#01194,#01194,Microfiber Cloth 1 Ct. [144/ cs.],Box,12,12,144,65570801194,3065570801194,5065570801194,,
#01195,#01195,#01195,#01195,#01195,Envelope 40 ct. (Large) [60/ cs.] - 1401195077,Box,40,60,2400,65570801195,3065570801195,5065570801195,,
#01196,#01196,#01196,#01196,#01196,Envelope 80 ct. (Small) [60/ cs.] - 1401196077,Box,80,60,4800,65570801196,3065570801196,5065570801196,,
#01200,#01200,#01200,#01200,#01200,Ice Bag (8lbs) 400 Bags/ Case (Sold by the Case),null,null,null,400,65570801200,3065570801200,5065570801200,,
#01201,#01201,#01201,#01201,#01201,Ice Bag (10lbs) 400 Bags/ Case (Sold by the Case),null,null,null,400,65570801201,3065570801201,5065570801201,,
#01202,#01202,#01202,#01202,#01202,"Squeegee 8"" w/ Plastic Handle [36/ cs.]",null,1,null,36,65570801202,3065570801202,5065570801202,,
#01203,#01203,#01203,#01203,#01203,Large Dice (Red/ White/ Blue) Plastic Carded 48/ card [48/cs.],Carded,6,8,48,65570801203,3065570801203,5065570801203,,
#01260,#01260,#01260,#01260,#01260,Forks & Spoon 48 count Display Box [48/cs.],Box,6,8,48,65570801260,3065570801260,5065570801260,,
#01261,#01261,#01261,#01261,#01261,Spoons 48 count Display Box [48/cs.],Box,6,8,48,65570801261,3065570801261,5065570801261,,
#01262,#01262,#01262,#01262,#01262,Forks 48 count Display Box [48/cs.],Box,6,8,48,65570801262,3065570801262,5065570801262,,
#01263,#01263,#01263,#01263,#01263,"Drinking Straw Clear 7-3/4"" 5.5mm 500ct [24/cs.]",Box,500,24,12000,65570801263,3065570801263,5065570801263,,
#01264,#01264,#01264,#01264,#01264,"Drinking Straw - Flexible 7-3/4"" 6.0mm 400ct [24/cs.]",Box,400,24,9600,65570801264,3065570801264,5065570801264,,
#01265,#01265,#01265,#01265,#01265,"Aluminum Foil 12"" x 25' [48/cs.]",Box,,,,65570801265,3065570801265,5065570801265,,
#01266,#01266,#01266,#01266,#01266,"Plastic Cling Wrap 12"" x 82"" x 11mic [48/cs.]",Box,,,,65570801266,3065570801266,5065570801266,,
#01267,#01267,#01267,#01267,#01267,"Sandwich Bags 6.5"" x 5.9"" 80 count [48/cs.]",Box,80,48,3840,65570801267,3065570801267,5065570801267,,
#01268,#01268,#01268,#01268,#01268,Sandwich Bags 6.5' x 5.9' 150 count [48/cs.],Box,150,48,7200,65570801268,3065570801268,5065570801268,,
#01270,#01270,#01270,#01270,#01270,"24"" Adjustable Tie-Down Strap [144/cs.]",Blister,12,12,144,65570801270,3065570801270,5065570801270,,
#01300,#01300,#01300,#01300,#01300,Dental Floss [72/cs.],Blister,12,12,144,65570801300,3065570801300,5065570801300,,
#01301,#01301,#01301,#01301,#01301,"Masking Tape 2"" x 10 Yards [72/cs.]",Bundle,6,12,72,65570801301,3065570801301,5065570801301,,
#01302,#01302,#01302,#01302,#01302,Contact Lens Case  [144/cs.],Blister,12,12,144,65570801302,3065570801302,5065570801302,,
#01303,#01303,#01303,#01303,#01303,Eye Glass Repair Kit Blister [144/cs.],Blister,12,12,144,65570801303,3065570801303,5065570801303,,
#01304,#01304,#01304,#01304,#01304,Travel Toothbrush Display (24 pcs/ Display) [20/cs.],null,24,20,480,65570801304,3065570801304,5065570801304,,
#01305,#01305,#01305,#01305,#01305,Disposable Razors Carded 24/ Card [72/cs.],Carded,6,8,72,65570801305,3065570801305,5065570801305,,
#01307,#01307,#01307,#01307,#01307,Full Size Toothbrush (Soft) Blistered  (12 pcs/ Display) [24/cs.],Dispenser,12,24,288,65570801307,3065570801307,5065570801307,,
#01309,#01309,#01309,#01309,#01309,Full Size Toothbrush (Medium) Blistered  (12 pcs/ Display) [24/cs.],Dispenser,12,24,288,65570801309,3065570801309,5065570801309,,
#01312,#01312,#01312,#01312,#01312,Mini Travel Bottle (steel) Opener PVC Box 48 pcs [6/ cs.],Jar,48,6,288,65570801312,3065570801312,5065570801312,,
#01313,#01313,#01313,#01313,#01313,Umbrella Black - Small [60/ cs.],null,1,null,60,65570801313,3065570801313,5065570801313,,
#01314,#01314,#01314,#01314,#01314,Umbrella Black - Large [60/ cs.],null,1,null,60,65570801314,3065570801314,5065570801314,,
#01315,#01315,#01315,#01315,#01315,Disposable Funnel (250pcs/ pack)  [4/ cs.],SleevePacked,250,4,1000,65570801315,3065570801315,5065570801315,,
#01320,#01320,#01320,#01320,#01320,Squeegee w/ Plastic Handle [36/cs.],null,1,null,36,65570801320,3065570801320,5065570801320,,
#01321,#01321,#01321,#01321,#01321,Disposable Funnel (125pcs/ pack)  [8/ cs.],SleevePacked,125,8,1000,65570801321,3065570801321,5065570801321,,
#01322,#01322,#01322,#01322,#01322,Travel Corkscrew & Bottle Opener Blistered [144/ cs.],Blister,12,12,144,65570801322,3065570801322,5065570801322,,
#01323,#01323,#01323,#01323,#01323,Snow Brush [48/cs.],null,1,null,48,65570801323,3065570801323,5065570801323,,
#01324,#01324,#01324,#01324,#01324,Pocket Comb in Jars 36 x 1 [12/ cs.],Jar,36,12,432,65570801324,3065570801324,5065570801324,,
#01325,#01325,#01325,#01325,#01325,Bandana in clear pack 12/ bundle [20/cs.],Bundle,12,20,240,65570801325,3065570801325,5065570801325,,
#01327,#01327,#01327,#01327,#01327,"Electric Tape 3/4"" x 30ft Blistered [144/cs.]",Bundle,12,12,144,65570801327,3065570801327,5065570801327,,
#01328,#01328,#01328,#01328,#01328,"Duct Tape 2"" x 10ft Blistered [144/cs.]",Blister,12,12,144,65570801328,3065570801328,5065570801328,,
#01330,#01330,#01330,#01330,#01330,Table Tennis Balls 6 ct. Blistered [72/ cs.],Blister,6,12,72,65570801330,3065570801330,5065570801330,,
#01331,#01331,#01331,#01331,#01331,Combination Lock 50mm [72/cs.],Blister,6,12,72,65570801331,3065570801331,5065570801331,,
#01332,#01332,#01332,#01332,#01332,Cotton Swabs Resealable 35ct. Blistered [72/cs],Blister,6,12,72,65570801332,3065570801332,5065570801332,,
#01333,#01333,#01333,#01333,#01333,Security Lock (Padlock) 45mm Blistered [72/cs.],Blister,6,12,72,65570801333,3065570801333,5065570801333,,
#01335,#01335,#01335,#01335,#01335,Can Opener Rolling Type [72/cs.],Blister,6,12,72,65570801335,3065570801335,5065570801335,,
#01336,#01336,#01336,#01336,#01336,Paddle Brush Peg-able [48/cs.],HangCard,6,8,48,65570801336,3065570801336,5065570801336,,
#01337,#01337,#01337,#01337,#01337,Round Brush Peg-able [48cs.],HangCard,6,8,48,65570801337,3065570801337,5065570801337,,
#01347,#01347,#01347,#01347,#01347,16oz White Party Cups 20/ Pack [36/ cs.],null,null,null,null,65570801347,3065570801347,5065570801347,,
#01348,#01348,#01348,#01348,#01348,Plastic Funnel (1/2 Pint) [72/cs.],SleevePacked,12,6,72,65570801348,3065570801348,5065570801348,,
#01349,#01349,#01349,#01349,#01349,Plastic Funnel (1 Pint) [48/cs.],SleevePacked,12,4,72,65570801349,3065570801349,5065570801349,,
#01350,#01350,#01350,#01350,#01350,Packing Tape - Clear - 55 Yard [48/cs.],Bundle,,,,65570801350,3065570801350,5065570801350,,
#01351,#01351,#01351,#01351,#01351,Bottle Opener Micro Blistered [288/ cs.],Blister,12,24,288,65570801351,3065570801351,5065570801351,,
#01352,#01352,#01352,#01352,#01352,Bottle Opener Micro PVC Box 36pcs [12/cs.],Jar,36,12,432,65570801352,3065570801352,5065570801352,,
#01353,#01353,#01353,#01353,#01353,Premium Contact Lens Case [144/cs.],Blister,12,12,144,65570801353,3065570801353,5065570801353,,
#01354,#01354,#01354,#01354,#01354,Bottle Opener Keychain PVC Box 36pcs [12/cs.],Jar,36,12,432,65570801354,3065570801354,5065570801354,,
#01356,#01356,#01356,#01356,#01356,Metal Funnel [12/ cs.],null,1,null,12,65570801356,3065570801356,5065570801356,,
#01380,#01380,#01380,#01380,#01380,Cutlery Set (Spoons & Forks) 24 Count Display Box [48/ cs.],Box,24,48,1152,65570801380,3065570801380,5065570801380,,
#01381,#01381,#01381,#01381,#01381,Cutlery Set (Spoons) 24 Count Display Box [48/cs.],Box,24,48,1152,65570801381,3065570801381,5065570801381,,
#01382,#01382,#01382,#01382,#01382,Cutlery Set (Forks) 24 Count Display Box [48/cs.],Box,24,48,1152,65570801382,3065570801382,5065570801382,,
#01385,#01385,#01385,#01385,#01385,Ultra Jumper (Booster) Cable 10' (display box) 400amp [12/cs.] - 1901385254,Box,1,null,12,65570801385,3065570801385,5065570801385,,
#01387,#01387,#01387,#01387,#01387,Umbrella Black - Large [60/ cs.],null,null,null,null,65570801387,3065570801387,5065570801387,,
#01388,#01388,#01388,#01388,#01388,Umbrella Checkered / Plaid Multi Color - Small [60/ cs.],null,null,null,null,65570801388,3065570801388,5065570801388,,
#01389,#01389,#01389,#01389,#01389,Umbrella Multi Color (B/G/R) - Small [60/ cs.],null,null,null,null,65570801389,3065570801389,5065570801389,,
#01403,#01403,#01403,#01403,#01403,Prime Aid - Upset Stomach - Pink - Dispenser 25 x 2's [20/ cs.],Dispenser,50,20,1000,65570801403,3065570801403,5065570801403,,
#01411,#01411,#01411,#01411,#01411,Prime Aid - Daytime Severe - Orange - Dispenser 25 x 2's [20/ cs.],Dispenser,50,20,1000,65570801411,3065570801411,5065570801411,,
#01412,#01412,#01412,#01412,#01412,Prime Aid - Nighttime Severe - Blue - Dispenser 25 x 2's [20/ cs.],Dispenser,50,20,1000,65570801412,3065570801412,5065570801412,,
#01442,#01442,#01442,#01442,#01442,** SPECIAL COUNT ** Prime Aid - Stomach Relief Anti Diarrheal - Blue - Dispenser 25 x 2's [20/cs.],Dispenser,50,20,1000,65570801442,3065570801442,5065570801442,,
#01443,#01443,#01443,#01443,#01443,Prime Aid - Stomach Relief Anti Diarrheal - Blue - Dispenser 36 x 2's [20/cs.],Dispenser,72,20,1440,65570801443,3065570801443,5065570801443,,
#01630,#01630,#01630,#01630,#01630,Claritin Dispenser 20 x 1 [20/cs.],Dispenser,20,20,400,65570801630,3065570801630,5065570801630,,
#01635,#01635,#01635,#01635,#01635,** SPECIAL COUNT ** Claritin Dispenser 25 x 1 [20/cs.],Dispenser,25,20,500,65570801635,3065570801635,5065570801635,,
#01650,#01650,#01650,#01650,#01650,Mucinex DM Dispenser 20 x 2's [20/cs.],Dispenser,40,20,800,65570801650,3065570801650,5065570801650,,
#01780,#01780,#01780,#01780,#01780,** SPECIAL COUNT ** Advil PM Dispenser 25 x 2's [20/cs.],Dispenser,50,20,1000,65570801780,3065570801780,5065570801780,,
#01781,#01781,#01781,#01781,#01781,** SPECIAL COUNT ** Advil Sinus Congestion & Pain Dispenser 50 x 1's [20/cs.],Dispenser,50,20,1000,65570801781,3065570801781,5065570801781,,
#01782,#01782,#01782,#01782,#01782,Advil Sinus Congestion & Pain Dispenser 25 x 1's [20/cs.],Dispenser,25,20,500,65570801782,3065570801782,5065570801782,,
#01783,#01783,#01783,#01783,#01783,** SPECIAL COUNT ** Advil Allergy & Congestion Relief Dispenser 50 x 1's [20/ cs.] - 2201783264,Dispenser,50,20,1000,65570801783,3065570801783,5065570801783,,
#01785,#01785,#01785,#01785,#01785,Advil Liquigel Dispenser 30 x 2's [20/cs.],Dispenser,60,20,1200,65570801785,3065570801785,5065570801785,,
#01786,#01786,#01786,#01786,#01786,Advil Regular Dispenser 50 x 2's [20/cs.],Dispenser,100,20,2000,65570801786,3065570801786,5065570801786,,
#01787,#01787,#01787,#01787,#01787,Advil Allergy & Congestion Relief Dispenser 25 x 1's [20/ cs.] - 2201787264,Dispenser,25,20,500,65570801787,3065570801787,5065570801787,,
#01790,#01790,#01790,#01790,#01790,** SPECIAL COUNT ** Advil Regular Dispenser 30 x 2's [20/cs.],Dispenser,60,20,1200,65570801790,3065570801790,5065570801790,,
#01791,#01791,#01791,#01791,#01791,** SPECIAL COUNT ** Advil Regular Dispenser 25 x 2's [20/cs.],Dispenser,50,20,1000,65570801791,3065570801791,5065570801791,,
#01792,#01792,#01792,#01792,#01792,** SPECIAL COUNT ** Advil Liquigel Dispenser 25 x 2's [20/cs.],Dispenser,50,20,1000,65570801792,3065570801792,5065570801792,,
#01824,#01824,#01824,#01824,#01824,** SPECIAL COUNT ** Bayer Aspirin Dispenser 25 x 2's [20/cs.],Dispenser,50,20,1000,65570801824,3065570801824,5065570801824,,
#01825,#01825,#01825,#01825,#01825,** SPECIAL COUNT ** Bayer Aspirin Dispenser 30 x 2's [20/cs.],Dispenser,60,20,1200,65570801825,3065570801825,5065570801825,,
#01826,#01826,#01826,#01826,#01826,** SPECIAL COUNT ** Alka Seltzer Regular Dispenser 20 x 2's [20/cs.],Dispenser,40,20,800,65570801826,3065570801826,5065570801826,,
#01827,#01827,#01827,#01827,#01827,** SPECIAL COUNT ** Alka Seltzer Regular Dispenser 25 x 2's [20/cs.],Dispenser,50,20,1000,65570801827,3065570801827,5065570801827,,
#01828,#01828,#01828,#01828,#01828,Bayer Aspirin Dispenser 50 x 2's [20/cs.],Dispenser,100,20,2000,65570801828,3065570801828,5065570801828,,
#01829,#01829,#01829,#01829,#01829,Alka Seltzer Regular Dispenser 50 x 2's [20/cs.],Dispenser,100,20,2000,65570801829,3065570801829,5065570801829,,
#01830,#01830,#01830,#01830,#01830,** SPECIAL COUNT ** Aleve 25 x 1's Dispenser [20/cs.],Dispenser,25,20,500,65570801830,3065570801830,5065570801830,,
#01831,#01831,#01831,#01831,#01831,** SPECIAL COUNT ** Aleve 30 x 1's Dispenser [20/cs.],Dispenser,30,20,600,65570801831,3065570801831,5065570801831,,
#01832,#01832,#01832,#01832,#01832,Aleve 50 x 1's Dispenser [20/cs.],Dispenser,50,20,1000,65570801832,3065570801832,5065570801832,,
#01840,#01840,#01840,#01840,#01840,** SPECIAL COUNT ** Midol Caplet Dispenser 20 x 2 [20/cs.],Dispenser,40,20,800,65570801840,3065570801840,5065570801840,,
#01841,#01841,#01841,#01841,#01841,Midol Caplet Dispenser 30 x 2 [20/cs.],Dispenser,60,20,1200,65570801841,3065570801841,5065570801841,,
#01842,#01842,#01842,#01842,#01842,** SPECIAL COUNT ** Midol Caplet Dispenser 25 x 2 [20/cs.],Dispenser,50,20,1000,65570801842,3065570801842,5065570801842,,
#01850,#01850,#01850,#01850,#01850,** PLACEHOLDEER ** Emergen C Dispenser 20 ct.,Dispenser,20,20,400,65570801850,3065570801850,5065570801850,,
#01860,#01860,#01860,#01860,#01860,Tums Chewy Dispenser 20 x 2's [20/cs.],Dispenser,40,20,800,65570801860,3065570801860,5065570801860,,
#01864,#01864,#01864,#01864,#01864,** SPECIAL COUNT ** Excedrin Dispenser 25 x 2's [20/cs.],Dispenser,50,20,1000,65570801864,3065570801864,5065570801864,,
#01868,#01868,#01868,#01868,#01868,Excedrin Dispenser 50 x 2's [20/cs.],Dispenser,100,20,2000,65570801868,3065570801868,5065570801868,,
#01871,#01871,#01871,#01871,#01871,Excedrin Migraine Dispenser 50 x 2's [20/cs.],Dispenser,100,20,2000,65570801871,3065570801871,5065570801871,,
#01873,#01873,#01873,#01873,#01873,** SPECIAL COUNT ** Excedrin Migraine Dispenser 25 x 2's [20/cs.],Dispenser,50,20,1000,65570801873,3065570801873,5065570801873,,
#01880,#01880,#01880,#01880,#01880,Picot Dispenser 48 x 2 [20/cs.],Dispenser,96,20,1920,65570801880,3065570801880,5065570801880,,
#01884,#01884,#01884,#01884,#01884,** SPECIAL COUNT ** Advil Dual Action 25 x 2's [20/cs.],Dispenser,50,20,1000,65570801884,3065570801884,5065570801884,,
#01886,#01886,#01886,#01886,#01886,Advil Dual Action Dispenser 50 x 2's [20/cs.],Dispenser,100,20,2000,65570801886,3065570801886,5065570801886,,
#01887,#01887,#01887,#01887,#01887,** SPECIAL COUNT ** Advil Dual Action 30 x 2's [20/cs.],Dispenser,60,20,1200,65570801887,3065570801887,5065570801887,,
#01896,#01896,#01896,#01896,#01896,Theraflu Daytime Severe Cold & Cough 20 x 1's [20/cs.],Dispenser,20,20,400,65570801896,3065570801896,5065570801896,,
#01898,#01898,#01898,#01898,#01898,Theraflu Nighttime Severe Cold & Cough 20 x 1's [20/cs.],Dispenser,20,20,400,65570801898,3065570801898,5065570801898,,
#01903.32,null,#01903.33,null,#01903.34,** COMPANY BOXES 32 CT ** Pepto Bismol Chewable Dispenser 32 x 4's [12/cs.],Dispenser,128,12,1536,655708null,3065570801903.33,50655708null,,
#01911.32,null,#01911.33,null,#01911.34,** COMPANY BOXES 32CT ** Dayquil Severe Liquical Dispenser 32 x 2's  [12/cs.],Dispenser,64,12,768,655708null,3065570801911.33,50655708null,,
#01912.32,null,#01912.33,null,#01912.34,** COMPANY BOXES 32CT ** Nyquil Severe Liquicap Dispenser 32 x 2's [12/cs.],Dispenser,64,12,768,655708null,3065570801912.33,50655708null,,
#01920,null,#01920,null,#01920,** PLACEHOLDER   ** ALLEGRA Dispenser,Dispenser,null,null,null,655708null,3065570801920,50655708null,,
#01926,null,#01926,null,#01926,Place holder Zantac 360 Dispenser 25 x 1 [20/cs.],Dispenser,25,20,500,655708null,3065570801926,50655708null,,
#01938.24,null,#01938.25,null,#01938.26,** COMPANY BOXES 24 CT ** Vicks Vapo Rub .45oz Tins Dispenser 24 x 1 [12/cs.],Dispenser,24,12,288,655708null,3065570801938.25,50655708null,,
#01944,#01944,#01944,#01944,#01944,** SPECIAL COUNT ** Tylenol Extra Strength Dispenser 20 x 2's [20/cs.],Dispenser,40,20,800,65570801944,3065570801944,5065570801944,,
#01945,#01945,#01945,#01945,#01945,** SPECIAL COUNT ** Tylenol Extra Strength Dispenser 25 x 2's [20/cs.],Dispenser,50,20,1000,65570801945,3065570801945,5065570801945,,
#01946,#01946,#01946,#01946,#01946,Tylenol Extra Strength Dispenser 30 x 2's [20/cs.],Dispenser,60,20,1200,65570801946,3065570801946,5065570801946,,
#01946.5,#01976,#01946.6,#01976,#01946.7,** COMPANY BOXES 50 CT ** Tylenol Extra Strength Dispenser 50 x 2's [36/cs.],Dispenser,100,36,3600,65570801976,3065570801946.6,5065570801976,,
#01947,#01947,#01947,#01947,#01947,Motrin Dispenser 30 x 2's [20/cs.],Dispenser,60,20,1200,65570801947,3065570801947,5065570801947,,
#01947.5,null,#01947.6,null,#01947.7,** COMPANY BOXES 50 CT ** Motrin Dispenser 50 x 2's [12/cs.],Dispenser,100,12,1200,655708null,3065570801947.6,50655708null,,
#01948,#01948,#01948,#01948,#01948,Pepcid Chewable 20 x 1's Dispenser [20/cs.],Dispenser,20,20,400,65570801948,3065570801948,5065570801948,,
#01949,#01949,#01949,#01949,#01949,** SPECIAL COUNT ** Motrin Dispenser 25 x 2's [20/cs.],Dispenser,50,20,1000,65570801949,3065570801949,5065570801949,,
#01953,#01953,#01953,#01953,#01953,Pepcid Chewable 25 x 1's Dispenser [20/cs.],Dispenser,25,20,500,65570801953,3065570801953,5065570801953,,
#01954,#01954,#01954,#01954,#01954,** SPECIAL COUNT ** Tylenol Sinus Severe Dispenser 20 x 2's [20/cs.],Dispenser,40,20,800,65570801954,3065570801954,5065570801954,,
#01955,#01955,#01955,#01955,#01955,Tylenol Sinus Severe Dispenser 25 x 2's [20/cs.],Dispenser,50,20,1000,65570801955,3065570801955,5065570801955,,
#01955.5,#01985,#01955.6,#01985,#01955.7,** COMPANY BOXES 50 CT ** Tylenol Sinus Severe Dispenser 50 x 2's [36/cs.],Dispenser,100,36,3600,65570801985,3065570801955.6,5065570801985,,
#01956,#01956,#01956,#01956,#01956,Tylenol Cold Dispenser 25 x 2's [20/cs.],Dispenser,50,20,1000,65570801956,3065570801956,5065570801956,,
#01956.5,#01986,#01956.6,#01986,#01956.7,** COMPANY BOXES 50 CT ** Tylenol Cold Dispenser 50 x 2's [36/cs.],Dispenser,100,36,3600,65570801986,3065570801956.6,5065570801986,,
#01959,#01959,#01959,#01959,#01959,** SPECIAL COUNT ** Tylenol Cold Dispenser 20 x 2's [20/cs.],Dispenser,40,20,800,65570801959,3065570801959,5065570801959,,
#01960,#01960,#01960,#01960,#01960,Benadryl Dispenser 30 x 2's  [20/cs.],Dispenser,60,20,1200,65570801960,3065570801960,5065570801960,,
#01962,#01962,#01962,#01962,#01962,Dramamine Dispenser 25 x 2's [20/cs.],Dispenser,50,20,1000,65570801962,3065570801962,5065570801962,,
#01963,#01963,#01963,#01963,#01963,** SPECIAL COUNT ** Benadryl Dispenser 25 x 2's [20/cs.],Dispenser,50,20,1000,65570801963,3065570801963,5065570801963,,
#01972,#01972,#01972,#01972,#01972,** SPECIAL COUNT ** Benadryl Dispenser 20 x 2's [20/cs.],Dispenser,40,20,800,65570801972,3065570801972,5065570801972,,
#01976,#01976,#01976,#01976,#01976,** SPECIAL COUNT ** Tylenol Extra Strength Dispenser 50 x 2's [20/cs.],Dispenser,100,20,2000,65570801976,3065570801976,5065570801976,,
#01985,#01985,#01985,#01985,#01985,** SPECIAL COUNT ** Tylenol Sinus Dispenser 50 x 2's [20/cs.],Dispenser,100,20,2000,65570801985,3065570801985,5065570801985,,
#01986,#01986,#01986,#01986,#01986,** SPECIAL COUNT ** Tylenol Cold Dispenser 50 x 2's [20/cs.],Dispenser,100,20,2000,65570801986,3065570801986,5065570801986,,
#02133,#02133,#02133,#02133,#02133,Afrin 1/5 fl oz (6mL) Dispenser 15 x 1's [20/cs.],Dispenser,15,20,300,65570802133,3065570802133,5065570802133,,
#02830,#02830,#02830,#02830,#02830,Alka Seltzer Plus Dispenser 30 x 2's [20/cs.],Dispenser,60,20,1200,65570802830,3065570802830,5065570802830,,
#02831,#02831,#02831,#02831,#02831,** SPECIAL COUNT ** Alka Seltzer Plus Dispenser 20 x 2's [20/cs.],Dispenser,40,20,800,65570802831,3065570802831,5065570802831,,
#02832,#02832,#02832,#02832,#02832,** SPECIAL COUNT ** Alka Seltzer Plus Dispenser 25 x 2's [20/cs.],Dispenser,50,20,1000,65570802832,3065570802832,5065570802832,,
#02943,#02943,#02943,#02943,#02943,**SPECIAL COUNT** Tylenol PM Dispenser 20 x 2's [20/cs.],Dispenser,40,20,800,65570802943,3065570802943,5065570802943,,
#02945,#02945,#02945,#02945,#02945,Tylenol PM Dispenser 25 x 2's [20/cs.],Dispenser,50,20,1000,65570802945,3065570802945,5065570802945,,
#02951,#02951,#02951,#02951,#02951,** SPECIAL COUNT ** Tylenol PM Dispenser 50 x 2's [20/cs.],Dispenser,100,20,2000,65570802951,3065570802951,5065570802951,,
#02960,#02960,#02960,#02960,#02960,Zyrtec Dispenser 20 x 1's  [20/cs.],Dispenser,20,20,400,65570802960,3065570802960,5065570802960,,
#02961,#02961,#02961,#02961,#02961,Zyrtec Dispenser 25 x 1's  [20/cs.],Dispenser,25,20,500,65570802961,3065570802961,5065570802961,,
#02962,#02962,#02962,#02962,#02962,Zyrtec Dispenser 50 x 1's  [20/cs.],Dispenser,50,20,1000,65570802962,3065570802962,5065570802962,,
11101,11101,11101,11101,11101,Prime Aid Starter Kit - 9 Prong Summer 2012 (108 SKU),DisplayRack,,,0,65570811101,3065570811101,5065570811101,,
11102,11102,11102,11102,11102,Prime Aid Starter Kit - 12 Prong Summer 2012 [144 SKU],DisplayRack,,,0,65570811102,3065570811102,5065570811102,,
11125,11125,11125,11125,11125,9 SKU Display Rack 108pcs/ Rack [1/cs.],DisplayRack,,,0,65570811125,3065570811125,5065570811125,,
11150,11150,11150,11150,11150,"Select ONE Plus Starter Kit ""Top Seller"" - 196 units on one Display Rack [1/cs.]",DisplayRack,,,0,65570811150,3065570811150,5065570811150,,
11403,11403,11403,11403,11403,Prime Aid - Upset Stomach - Pink Single Pack Blister 12 x 1 [12/cs.],Blister,12,12,144,65570811403,3065570811403,5065570811403,,
11411,11411,11141,11411,11411,Prime Aid - Daytime Severe - Orange Single Pack Blister 12 x 1 [12/cs.],Blister,24,12,288,65570811411,3065570811141,5065570811411,,
11412,11412,11142,11412,11412,Prime Aid - Nighttime Severe - Blue Single Pack Blister 12 x 1 [12/cs.],Blister,24,12,288,65570811412,3065570811142,5065570811412,,
11443,11443,11443,11443,11443,Prime Aid - Stomach Relief - Blue Single Pack Blister 12 x 1 [12/cs.],Blister,24,12,288,65570811443,3065570811443,5065570811443,,
11635,11630,11630,11635,11635,Claritin Single Pack Blister 12 x 1 [12/cs.],Blister,12,12,144,65570811630,65570811635,5065570811635,,
11655,11650,11650,11655,11655,Mucinex DM Single Pack Blister 12 x 1 [12/cs.],Blister,24,12,288,65570811650,65570811655,5065570811655,,
11671,11670,11670,11671,11671,Lifestyle Asst. Single Pack Blister 12 x 1 [12/cs.],Blister,12,12,144,65570811670,65570811671,5065570811671,,
11681,11681,11681,11681,11681,Trojan Enz (Blue - Lubbed) Single Pack Blister 12 x 1 [12/cs.] -,Blister,12,12,144,65570811681,65570811681,5065570811681,,
11683,11682,11682,11683,11683,Trojan Magnum (Gold) Single Pack Blister 12 x 1 [12/cs.],Blister,12,12,144,65570811682,65570811683,5065570811683,,
11780,11782,11782,11780,11780,Advil Sinus Congestion & Pain Single Pack Blister 12 x 1 [12/cs.],Blister,12,12,144,65570811782,65570811780,5065570811780,,
11785,11784,11784,11785,11785,Advil PM Single Pack Blister 12 x 1 [12/cs.],Blister,24,12,288,65570811784,65570811785,5065570811785,,
11792,11787,11787,11792,11792,Advil Allergy & Congestion Relief Single Pack Blister 12 x 1 [12/ cs.],Blister,12,12,144,65570811787,65570811792,5065570811792,,
11794,11786,11786,11794,11794,Advil Regular Single Pack Blister 12 x 1 [12/cs.],Blister,24,12,288,65570811786,65570811794,5065570811794,,
11797,11793,11793,11797,11797,Advil Liquigel Single Pack Blister 12 x 1 [12/cs.],Blister,24,12,288,65570811793,65570811797,5065570811797,,
11834,11828,11828,11834,11834,Bayer Single Pack Blister 12 x 1 [12/cs.],Blister,24,12,288,65570811828,65570811834,5065570811834,,
11836,11829,11829,11836,11836,Alka Seltzer Regular Single Pack Blister 12 x 1 [12/cs.],Blister,24,12,288,65570811829,65570811836,5065570811836,,
11837,11832,11832,11837,11837,Aleve Single Pack Blister  12 x 1 [12/cs.],Blister,12,12,144,65570811832,65570811837,5065570811837,,
11845,11841,11841,11845,11845,Midol Single Pack 12 x 1 [12/cs.],Blister,24,12,288,65570811841,65570811845,5065570811845,,
11877,11868,11868,11877,11877,Excedrin Single Pack Blister 12 x 1 [12/cs.],Blister,24,12,288,65570811868,65570811877,5065570811877,,
11879,11871,11871,11879,11879,Excedrin Migraine Single Pack  Blister 12 x 1 [12/cs.],Blister,24,12,288,65570811871,65570811879,5065570811879,,
11884,11886,11886,11884,11884,Advil Dual Action Single Pack Blister 12 x 1 [12/cs.],Blister,24,12,288,65570811886,65570811884,5065570811884,,
11910,11903,11903,11910,11910,Pepto Bismol Chewable Single Pack Blister 12 x 1 [12/cs.],Blister,24,12,288,65570811903,65570811910,5065570811910,,
11916,11911,11911,11916,11916,Dayquil Severe Single Pack Blister 12 x 1 [12/cs.],Blister,24,12,288,65570811911,65570811916,5065570811916,,
11917,11912,11912,11917,11917,Nyquil Severe Single Pack Blister 12 x 1 [12/cs.],Blister,24,12,288,65570811912,65570811917,5065570811917,,
11921,11920,11920,11921,11921,Allegra Single Pack Blister 12 x 1 [12/cs.],Blister,12,12,144,65570811920,65570811921,5065570811921,,
11924,11926,11926,11924,11924,Zantac 360 Single Pack Blister 12 x1 [12/cs.],Blister,12,12,144,65570811926,65570811924,5065570811924,,
11952,11946,11946,11952,11952,Tylenol Extra Strength Single Pack Blister 12 x 1 [12/cs.],Blister,24,12,288,65570811946,65570811952,5065570811952,,
11953,11948,11948,11953,11953,Pepcid Complete Single Pack Blister 12 x 1 [12/cs.],Blister,12,12,144,65570811948,65570811953,5065570811953,,
11956,11947,11947,11956,11956,Motrin Single Pack Blister 12 x 1 [12/cs.],Blister,24,12,288,65570811947,65570811956,5065570811956,,
11963,11962,11962,11963,11963,Dramamine Single Pack Blister 12 x 1 [12/cs.],Blister,24,12,288,65570811962,65570811963,5065570811963,,
11965,11960,11960,11965,11965,Benadryl Single Pack Blister 12 x 1 [12/cs.],Blister,24,12,288,65570811960,65570811965,5065570811965,,
11969,11968,11968,11969,11969,Visine .28oz Single Pack Blister 6 x 1 [12/cs.],Blister,6,12,72,65570811968,65570811969,5065570811969,,
11971,11970,11970,11971,11971,Scope Original 1.2 oz. Blistered 6 x 1 [12/cs.],Blister,6,12,72,65570811970,65570811971,5065570811971,,
11977,11976,11976,11977,11977,Secret Invisible Solid Deodorant .5 oz. Blistered 5 x 1 [12/cs.],Blister,5,12,60,65570811976,65570811977,5065570811977,,
11981,11980,11980,11981,11981,Herbal Essence Shampoo Blistered 6 x 1 [12/cs.],Blister,6,12,72,65570811980,65570811981,5065570811981,,
11984,11983,11983,11984,11984,Old Spice High Endurance Deodorant .5 oz. Blistered 5 x 1 [12/cs.],Blister,5,12,60,65570811983,65570811984,5065570811984,,
11989,11988,11988,11989,11989,Herbal Essence Conditioner 1.7 oz Blistered 6 x 1 [12/cs.],Blister,6,12,72,65570811988,65570811989,5065570811989,,
11991,11991,11991,11991,11991,Head & Shoulders Shampoo 1.7 oz Blistered 6 x 1 [12/cs.],Blister,6,12,72,65570811991,65570811991,5065570811991,,
11993,11992,11992,11993,11993,Crest Regular Toothpaste .85oz Blistered 6 x 1 [12/cs.],Blister,6,12,72,65570811992,65570811993,5065570811993,,
11995,11994,11994,11995,11995,Crest Toothpaste .85oz w/ Travel Toothbrush Blistered 6 x 1 [12/cs.],Blister,6,12,72,65570811994,65570811995,5065570811995,,
12002,12001,12001,12002,12002,Gillette Foamy 2 oz. w/ Travel Razor Blistered 6 x 1 [10/cs.],Blister,6,10,60,65570812001,65570812002,5065570812002,,
12020,12019,12019,12020,12020,Colgate Regular Toothpaste .85oz Blistered 6 x 1 [12/cs.],Blister,6,12,72,65570812019,65570812020,5065570812020,,
12036,12035,12035,12036,12036,Tresemme Shampoo 3 oz. Blistered 6 x 1 [10/cs.],Blister,6,10,60,65570812035,65570812036,5065570812036,,
12038,12037,12037,12038,12038,Tresemme Conditioner 3 oz Blistered 6 x 1 [10/cs.],Blister,6,10,60,65570812037,65570812038,5065570812038,,
12040,12039,12039,12040,12040,Renu MultiPlus Solution 2 oz. Blistered 6 x 1 [10/cs.],Blister,6,10,60,65570812039,65570812040,5065570812040,,
12050,12051,12051,12050,12050,Tresemme Hairspray Pump Bottle 2 oz. Blistered 6 x 1 [12/cs.],Blister,6,12,72,65570812051,65570812050,5065570812050,,
12052,12049,12049,12052,12052,Tresemme Hairspray Aerosol 1.5 oz. Blistered 6 x 1 [12/cs.],Blister,6,12,72,65570812049,65570812052,5065570812052,,
12054,12053,12053,12054,12054,Gillette Gel Sensitive Skin Shave Gel 2.5 oz Blistered 6 x 1 [10/cs.],Blister,6,10,60,65570812053,65570812054,5065570812054,,
12056,12055,12055,12056,12056,Gillette Foamy Regular 2 oz. Blistered 6 x 1 [12/cs.],Blister,6,12,72,65570812055,65570812056,5065570812056,,
12062,12061,12061,12062,12062,Jergen's Ultra Healing Lotion 1 oz. Blistered 6 x 1 [12/cs.],Blister,6,12,72,65570812061,65570812062,5065570812062,,
12076,12075,12075,12076,12076,Prime Aid Bandages 10ct. Blistered 6 x 1 [12/cs.],Blister,6,12,72,65570812075,null,5065570812075,,
12088,12087,12087,12088,12088,Sanitary Napkins 1pk. (Maxi Pads) 6 x 1 [12/cs.],Blister,6,12,72,65570812087,65570812088,5065570812088,,
12090,12089,12089,12090,12090,Colgate Toothpaste .85oz w/ Travel Toothbrush Blistered 6 x 1 [12/cs.],Blister,6,12,72,65570812089,65570812090,5065570812090,,
12102,12101,12101,12102,12102,Gillette Satin Care Shaving Gel (Women's) 2.5oz Blistered 6 x 1 [10/cs.],Blister,6,10,60,65570812101,65570812102,5065570812102,,
12106,12105,12105,12106,12106,Tampons 3pk. (Regular) 6 x 1 [12/cs.],Blister,6,12,72,65570812105,65570812106,5065570812106,,
12108,12107,12107,12108,12108,Tampons 3pk. (Super) 6 x 1 [12/cs.],Blister,6,12,72,65570812107,65570812108,5065570812108,,
12110,12109,12109,12110,12110,Sensor 2 Razor Blistered 6 x 1 [10/cs.],Blister,6,10,60,65570812109,65570812110,5065570812110,,
12120,12119,12119,12120,12120,Irish Spring Original Body Wash 2.5 oz. Blistered 6 x 1 [12/ cs.],Blister,6,12,72,65570812119,65570812120,5065570812120,,
12128,12127,12127,12128,12128,Fixodent .75oz Blistered 6 x 1 [12/cs.],Blister,6,12,72,65570812127,65570812128,5065570812128,,
12134,12133,12133,12134,12134,Afrin 1/5 fl oz (6mL) Blistered 6 x 1 [12/cs.],Blister,6,12,72,65570812133,65570812134,5065570812134,,
12836,12830,12830,12836,12836,Alka Seltzer Plus Single Pack Cold Blister 12 x 1 [12/cs.],Blister,12,12,144,65570812830,65570812836,5065570812836,,
12947,12944,12944,12947,12947,Tylenol Cold Single Pack Blister 12 x 1 [12/cs.],Blister,12,12,144,65570812944,65570812947,5065570812947,,
12951,12945,12945,12951,12951,Tylenol PM Single Pack Blister 12 x 1 [12/cs.],Blister,12,12,144,65570812945,65570812951,5065570812951,,
12961,12960,12960,12961,12961,Zyrtec Single Pack Blister 12 x 1 [12/cs.],Blister,12,12,144,65570812960,65570812961,5065570812961,,
12964,12963,12963,12964,12964,Tylenol Sinus Single Pack Blister 12 x 1 [12/cs.],Blister,12,12,144,65570812963,65570812964,5065570812964,,
13786,12075,12075,13786,13786,Prime Aid Bandages (10ct.) 12/ Display [24/cs.],Blister,12,24,288,65570812075,3065570813786,5065570813786,,
13788,13788,13788,13788,13788,Select First Aid Kit (pegable) [144/cs.],Blister,,,,65570813788,65570813788,5065570813788,,
13790,13790,13790,13790,13790,Men's 6pc. Travel Kit [20/cs.],Blister,1,null,20,65570813790,65570813790,5065570813790,,
13792,13792,13792,13792,13792,Women's 6pc. Travel Kit [20/cs.],Blister,1,null,20,65570813792,65570813792,5065570813792,,
13800,13800,13800,13800,13800,First Aid Kit with Zip Bag [72/cs.],Blister,1,null,72,65570813800,3065570813800,3065570813800,,
21443,21443,21443,21443,21443,Prime Aid - Stomach Relief - Blue Multti Pack Blister 6 x 2 [24/cs.],Blister,24,24,576,65570821443,65570821443,5065570821443,,
21780,21782,21782,21780,21780,Advil Sinus Congestion & Pain Multi Pack Blister 6 x 2 [24/cs.],Blister,12,24,288,65570821782,65570821780,5065570821780,,
21785,21784,21784,21785,21785,Advil PM Multi Pack Blister 6 x 2 [24/cs.],Blister,24,24,576,65570821784,65570821785,5065570821785,,
21792,21787,21787,21792,21792,Advil Allergy & Congestion Relief Multi Pack Blister 6 x 2 [24/ cs.],Blister,12,24,288,65570821787,65570821792,5065570821792,,
21794,21786,21786,21794,21794,Advil Regular Multi Pack Blister 6 x 2 [24/cs.],Blister,24,24,576,65570821786,65570821794,5065570821794,,
21797,21793,21793,21797,21797,Advil Liquigels Multi Pack Blister 6 x 2 [24/cs.],Blister,24,24,576,65570821793,65570821797,5065570821797,,
21834,21828,21828,21834,21834,Bayer Aspirin Multi Pack Blister 6 x 2 [24/cs.],Blister,24,24,576,65570821828,65570821834,5065570821834,,
21836,21829,21829,21836,21836,Alka Seltzer Regular Multi Pack Blister 6 x 2 [24/cs.],Blister,24,24,576,65570821829,65570821836,5065570821836,,
21837,21832,21832,21837,21837,Aleve Multi Pack Blister 6 x 2 [24/cs.],Blister,24,24,576,65570821832,65570821837,5065570821837,,
21877,21868,21868,21877,21877,Excedrin Multi Pack Blister 6 x 2 [24/cs.],Blister,24,24,576,65570821868,65570821877,5065570821877,,
21879,21871,21871,21879,21879,Excedrin Migraine Multi Pack  Blister 6 x 2 [24/cs.],Blister,24,24,576,65570821871,65570821879,5065570821879,,
21884,21886,21886,21884,21884,Advil Dual Action Multi Pack Blister 6 x 2 [24/cs.],Blister,24,24,576,65570821886,65570821884,5065570821884,,
21910,21903,21903,21910,21910,Pepto Bismol Chewable Multi Pack 6 x 2 [24/cs.],Blister,24,24,576,65570821903,65570821910,5065570821910,,
21924,21926,21926,21924,21924,Zantac 360 Multi Pack Blister 24 x1 [6/cs.],Blister,24,24,576,65570821926,65570821924,5065570821924,,
21952,21946,21946,21952,21952,Tylenol Extra Strength Multi Pack Blister 6 x 2 [24/cs.],Blister,24,24,576,65570821946,65570821952,5065570821952,,
21953,21948,21948,21953,21953,Pepcid Complete Multi Pack Blister 6 x 2 [24/cs.],Blister,24,24,576,65570821948,65570821953,5065570821953,,
21956,21947,21947,21956,21956,Motrin Multi Pack Blister 6 x 2 [24/cs.],Blister,24,24,576,65570821947,65570821956,5065570821956,,
21963,21962,21962,21963,21963,Dramamine Multi Pack Blister 6 x 1 [24/cs.],Blister,24,24,576,65570821962,65570821963,5065570821963,,
21965,21960,21960,21965,21965,Benadryl Multi Pack Blister 6 x 2 [24/cs.],Blister,24,24,576,65570821960,65570821965,5065570821965,,
22836,22830,22830,22836,22836,Alka Seltzer Plus Multi Pack Blister 6 x 2 [24/cs.],Blister,24,24,576,65570822830,65570822836,5065570822836,,
22947,22944,22944,22947,22947,Tylenol Cold Multi Pack Blister 6 x 2 [24/cs.],Blister,24,24,576,65570822944,65570822947,5065570822947,,
22951,22945,22945,22951,22951,Tylenol PM Multi Pack Blister 6 x 2 [24/cs.],Blister,24,24,576,65570822945,65570822951,5065570822951,,
22964,22963,22963,22964,22964,Tylenol Sinus Multi Pack Blister 6 x 2 [24/cs.],Blister,24,24,576,65570822963,65570822964,5065570822964,,
01038.PMC,null,,,,PMC Starter Display,null,,,,,,,,
01165-48,#01165,,,,**SPECIAL ORDER PRODUCT ** Small Dice (2 pcs/ Bag) Carded 48/ card [60/cs.],Carded,,,,,,,,
01303A,#01303,,,,Eye Glass Repair Kit Carded (24/ Card) [96/cs.],Carded,,,,,,,,
01305A,#01305,,,,Disposable Razors Singles [1200/cs.],Carded,,,,,,,,
11125.FFD,null,,,,FFD Starter Display - 108 units on one Display Rack [1/cs.],DisplayRack,,,,,,,,
11971.D,null,,,,Scope Original 1.5 oz. 18 x 1 Dispenser [12/cs.],Dispenser,,,,,,,,
11977.D,null,,,,Secret Invisible Solid Deodorant 12 x 1 Dispenser [12/cs.],Dispenser,,,,,,,,
11981.D,null,,,,Herbal Essence Shampoo 1.7 oz 18 x 1 Dispenser [12/cs.],Dispenser,,,,,,,,
11984.D,null,,,,Old Spice High Endurance Deodorant 12 x 1 Dispenser [12/cs.],Dispenser,,,,,,,,
11989.D,null,,,,Herbal Essence Conditioner 1.7 oz 18 x 1 Dispenser [12/cs.],Dispenser,,,,,,,,
11991.D,null,,,,Head and Shoulders Shampoo 1.7oz. 18 x 1 Dispenser [12/cs.],Dispenser,,,,,,,,
11993.D,null,,,,Crest Regular Toothpaste .85oz 12 x 1 Dispenser [12/cs.],Dispenser,,,,,,,,
12036.D,null,,,,Tresemme Shampoo 3 oz. 9 x 1 Dispenser [12/ cs.],Dispenser,,,,,,,,
12038.D,null,,,,Tresemme Conditioner 3 oz 9 x 1 Dispenser [12/cs.],Dispenser,,,,,,,,
12040.D,null,,,,Renu MultiPlus Solution 2oz. 9 x 1 Dispenser [12/cs.],Dispenser,,,,,,,,
12050.D,null,,,,Tresemee Hairspray Pump 2oz 9 x 1 Dispenser [12/cs.],Dispenser,,,,,,,,
12052.D,null,,,,Tresemee HairSpray Aerosol 1.5oz 9 x 1 Dispenser [12/cs.],Dispenser,,,,,,,,
12054.D,null,,,,Gillette Gel Sensitive Skin Shave Gel 2.5 oz 6 x 1 Dispenser [12/cs.],Dispenser,,,,,,,,
12056.D,null,,,,Gillette Foamy Regular 2 oz. 12 x 1 Dispenser [12/cs.],Dispenser,,,,,,,,
12062.D,null,,,,Jergen's Ultra Healing Lotion 1 oz. 12 x 1 Dispenser [12/cs.],Dispenser,,,,,,,,
12102.D,null,,,,Gillette Satin Care Shaving Gel (Women's) 2.5oz 6 x 1 Dispenser [12/cs.],Dispenser,,,,,,,,
12110.C,12109,,,,Sensor 2 Razor Carded 24 x 1 [18/ cs.],Carded,24,18,432,,,,,
14786.C,null,,,,Lifestyle Condoms Carded Asst. 48 x 1 [32/cs.],Carded,,,,,,,,
14786.D,null,,,,Lifestyle Condoms in Dispensers - Assorted 48 x 1 [20/cs.],Dispenser,,,,,,,,
14786.J,null,,,,Lifestyle Condoms in Jars Asst. 48 x 1 [36/cs.],Jars,,,,,,,,
14786.J.40,null,,,,Lifestyle Condoms in Jars Asst. 40 x 1 [36/cs.],Jars,,,,,,,,
14787.D,14787,,,,Rough Rider Condoms in Dispensers 48 x 1 [20/cs.],Dispenser,48,24,1152,,,,,
14787.J,null,,,,Rough Rider Condoms in Jars 48 x 1 [36/cs.],Jars,,,,,,,,
15786.C,null,,,,Trojan Condoms Carded Assorted 48 x 1 [32/cs.],Carded,,,,,,,,
15786.D,null,,,,Trojan Condoms in Dispenser - Assorted 48 x 1 [20/cs.],Dispenser,,,,,,,,
15786.J,null,,,,Trojan Condoms in Jars Assorted 48 x 1 [36/cs.],Jars,,,,,,,,
15786.J.40,null,,,,** SPECIAL COUNT ** Trojan Condoms in Jars Assorted 40 x 1 [36/cs.],Jars,,,,,,,,
15787.C,null,,,,Trojan Condoms Carded Magnum 48 x 1 [32/cs.],Carded,,,,,,,,
15787.D,15787,,,,Trojan Condoms in Dispensers - Magnum 48 x 1 [20/cs.],Dispenser,48,20,960,,,,,
15787.D.40,null,,,,** SPECIAL COUNT ** Trojan Condoms in Dispensers - Magnum 40 x 1 [20/cs.],Dispenser,,,,,,,,
15787.J,null,,,,Trojan Condoms in Jars - Magnum 48 x 1 [36/cs.],Jars,,,,,,,,
15787.J.36,null,,,,** SPECIAL COUNT ** Trojan Condoms in Jars - Magnum 36 x 1 [36/cs.],Jars,,,,,,,,
15787.J.40,null,,,,** SPECIAL COUNT ** Trojan Condoms in Jars - Magnum 40 x 1 [36/cs.],Jars,,,,,,,,
21100.HW,null,,,,20 Prong Display Rack 120pcs/ Rack,DisplayRack,,,,,,,,
21175.HW,null,,,,9 Prong Display Rack 108pcs/ Rack,DisplayRack,,,,,,,,
74187.D,null,,,,Colgate Total Toothpaste.75oz 12 x 1 Dispenser [12/cs.],Dispenser,,,,,,,,